{
    "victor": {
        "apocalypse": 100,
        "normal": 100,
        "propagation": 100
    },
    "severine": {
        "apocalypse": 100,
        "normal": 100,
        "propagation": 100
    },
    "test": {
        "apocalypse": 1060,
        "normal": 0,
        "propagation": 0
    },
    "": {
        "apocalypse": 0,
        "normal": 0,
        "propagation": 0
    },
    "qsdqsd": {
        "apocalypse": 0,
        "normal": 0,
        "propagation": 0
    },
    "Gille": {
        "apocalypse": 0,
        "normal": 0,
        "propagation": 0
    },
    "qsdqsdqsd": {
        "apocalypse": 0,
        "normal": 0,
        "propagation": 0
    },
    "qsdqsdqd": {
        "apocalypse": 0,
        "normal": 0,
        "propagation": 0
    },
    "sdwfsdfsd": {
        "apocalypse": 0,
        "normal": 0,
        "propagation": 0
    },
    "Gilles": {
        "apocalypse": 0,
        "normal": 0,
        "propagation": 0
    },
    "MOI": {
        "apocalypse": 0,
        "normal": 0,
        "propagation": 0
    },
    "BLABLA": {
        "apocalypse": 0,
        "normal": 0,
        "propagation": 0
    },
    "BLUBLU": {
        "apocalypse": 0,
        "normal": 0,
        "propagation": 0
    },
    "Test": {
        "apocalypse": 0,
        "normal": 0,
        "propagation": 0
    }
}